ParticipantNumber,Condition,conditiongroup,cond2,Participate,part,ValidEmail,ValidEmailYes1No0,Age,AgeRange,Whatisyouryearofbirth,Gender,M,Race,Religion,P,EducationLevel,R,QuestionTypePrefer,AttitudetoLatePayment,U,cond1,agecat,gender,edu,ethn,rel
1,Decoy Condition,Decoy Condition 1,Decoy: target 1st,Yes,Yes,Yes,1,22,20-24,2000,0,Female,6,1,Hindu,1,"Graduate or professional degree (MA, MS, MBA, PhD, Law Degree, Medical Degree etc)",Close-ended questions (e.g. multiple choice),Probably no,,Decoy,20-24,Female,Graduate or professional degree,Black,Ohter religion
2,Control Condition,Control Condition,Control,No,No,Yes,1,29,25-29,1993,1,Male,6,2,No Religion,1,"Graduate or professional degree (MA, MS, MBA, PhD, Law Degree, Medical Degree etc)",Close-ended questions (e.g. multiple choice),Definitely no,,Control,25-29,Male,Graduate or professional degree,Black,No religion
3,Control Condition,Control Condition,Control,No,No,Yes,1,26,25-29,1996,0,Female,6,2,No Religion,1,"Graduate or professional degree (MA, MS, MBA, PhD, Law Degree, Medical Degree etc)",Close-ended questions (e.g. multiple choice),Probably yes,,Control,25-29,Female,Graduate or professional degree,Black,No religion
4,Control Condition,Control Condition,Control,Yes,Yes,Yes,1,25,25-29,1997,0,Female,6,2,No Religion,1,"Graduate or professional degree (MA, MS, MBA, PhD, Law Degree, Medical Degree etc)",There is no difference between the two options for me,Probably yes,,Control,25-29,Female,Graduate or professional degree,Black,No religion
5,Decoy Condition,Decoy Condition 1,Decoy: target 1st,Yes,Yes,Yes,1,24,20-24,1998,0,Female,6,2,No Religion,1,"Graduate or professional degree (MA, MS, MBA, PhD, Law Degree, Medical Degree etc)",Close-ended questions (e.g. multiple choice),Probably yes,,Decoy,20-24,Female,Graduate or professional degree,Black,No religion
6,Control Condition,Control Condition,Control,No,No,Yes,1,24,20-24,1998,0,Female,6,2,No Religion,1,"Graduate or professional degree (MA, MS, MBA, PhD, Law Degree, Medical Degree etc)",Close-ended questions (e.g. multiple choice),Probably yes,,Control,20-24,Female,Graduate or professional degree,Black,No religion
7,Control Condition,Control Condition,Control,Yes,Yes,Yes,1,23,20-24,1999,1,Male,6,2,No Religion,2,University - Bachelors Degree,Close-ended questions (e.g. multiple choice),Definitely yes,,Control,20-24,Male,Bachelor's degree,Black,No religion
8,Control Condition,Control Condition,Control,Yes,Yes,Yes,1,26,25-29,1996,0,Female,6,2,No Religion,1,"Graduate or professional degree (MA, MS, MBA, PhD, Law Degree, Medical Degree etc)",There is no difference between the two options for me,Probably yes,,Control,25-29,Female,Graduate or professional degree,Black,No religion
9,Control Condition,Control Condition,Control,Yes,Yes,Yes,1,26,25-29,1996,1,Male,6,3,Christian (Catholic protestant or any other Christian denominations),2,University - Bachelors Degree,There is no difference between the two options for me,Definitely no,,Control,25-29,Male,Bachelor's degree,Black,Christian
10,Control Condition,Control Condition,Control,Yes,Yes,Yes,1,32,30-35,1990,1,Male,5,1,Hindu,1,"Graduate or professional degree (MA, MS, MBA, PhD, Law Degree, Medical Degree etc)",There is no difference between the two options for me,Definitely yes,,Control,2.0,Male,Graduate or professional degree,White,Ohter religion
11,Decoy Condition,Decoy Condition 1,Decoy: target 1st,Yes,Yes,Yes,1,30,30-35,1992,1,Male,5,1,Hindu,1,"Graduate or professional degree (MA, MS, MBA, PhD, Law Degree, Medical Degree etc)",There is no difference between the two options for me,Definitely yes,,Decoy,2.0,Male,Graduate or professional degree,White,Ohter religion
12,Control Condition,Control Condition,Control,Yes,Yes,Yes,1,30,30-35,1992,1,Male,5,1,Hindu,1,"Graduate or professional degree (MA, MS, MBA, PhD, Law Degree, Medical Degree etc)",There is no difference between the two options for me,Definitely yes,,Control,2.0,Male,Graduate or professional degree,White,Ohter religion
13,Control Condition,Control Condition,Control,Yes,Yes,Yes,1,30,30-35,1992,1,Male,5,1,Hindu,1,"Graduate or professional degree (MA, MS, MBA, PhD, Law Degree, Medical Degree etc)",There is no difference between the two options for me,Definitely yes,,Control,2.0,Male,Graduate or professional degree,White,Ohter religion
14,Decoy Condition,Decoy Condition 1,Decoy: target 1st,Yes,No,Yes,1,32,30-35,1990,0,Female,5,1,Hindu,1,"Graduate or professional degree (MA, MS, MBA, PhD, Law Degree, Medical Degree etc)",There is no difference between the two options for me,Definitely yes,,Decoy,2.0,Female,Graduate or professional degree,White,Ohter religion
15,Decoy Condition,Decoy Condition 1,Decoy: target 1st,Yes,Yes,Yes,1,30,30-35,1992,1,Male,5,1,Hindu,1,"Graduate or professional degree (MA, MS, MBA, PhD, Law Degree, Medical Degree etc)",There is no difference between the two options for me,Definitely yes,,Decoy,2.0,Male,Graduate or professional degree,White,Ohter religion
16,Decoy Condition,Decoy Condition 1,Decoy: target 1st,Yes,No,Yes,1,30,30-35,1992,1,Male,5,1,Hindu,1,"Graduate or professional degree (MA, MS, MBA, PhD, Law Degree, Medical Degree etc)",There is no difference between the two options for me,Definitely yes,,Decoy,2.0,Male,Graduate or professional degree,White,Ohter religion
17,Decoy Condition,Decoy Condition 1,Decoy: target 1st,Yes,Yes,Yes,1,27,25-29,1995,1,Male,5,3,Christian (Catholic protestant or any other Christian denominations),2,University - Bachelors Degree,Close-ended questions (e.g. multiple choice),Definitely yes,,Decoy,25-29,Male,Bachelor's degree,White,Christian
18,Decoy Condition,Decoy Condition 1,Decoy: target 1st,Yes,Yes,Yes,1,27,25-29,1995,1,Male,5,3,Christian (Catholic protestant or any other Christian denominations),2,University - Bachelors Degree,Close-ended questions (e.g. multiple choice),Definitely yes,,Decoy,25-29,Male,Bachelor's degree,White,Christian
19,Decoy Condition,Decoy Condition 1,Decoy: target 1st,Yes,Yes,Yes,1,27,25-29,1995,1,Male,5,3,Christian (Catholic protestant or any other Christian denominations),2,University - Bachelors Degree,Open-ended questions (e.g. text entry),Definitely yes,,Decoy,25-29,Male,Bachelor's degree,White,Christian
20,Decoy Condition,Decoy Condition 1,Decoy: target 1st,Yes,Yes,Yes,1,27,25-29,1995,1,Male,5,3,Christian (Catholic protestant or any other Christian denominations),2,University - Bachelors Degree,Close-ended questions (e.g. multiple choice),Definitely yes,,Decoy,25-29,Male,Bachelor's degree,White,Christian
21,Decoy Condition,Decoy Condition 1,Decoy: target 1st,Yes,Yes,Yes,1,27,25-29,1995,0,Female,5,3,Christian (Catholic protestant or any other Christian denominations),2,University - Bachelors Degree,Close-ended questions (e.g. multiple choice),Definitely yes,,Decoy,25-29,Female,Bachelor's degree,White,Christian
22,Decoy Condition,Decoy Condition 1,Decoy: target 1st,Yes,Yes,Yes,1,27,25-29,1995,1,Male,5,3,Christian (Catholic protestant or any other Christian denominations),2,University - Bachelors Degree,Close-ended questions (e.g. multiple choice),Definitely yes,,Decoy,25-29,Male,Bachelor's degree,White,Christian
23,Decoy Condition,Decoy Condition 1,Decoy: target 1st,Yes,Yes,Yes,1,27,25-29,1995,1,Male,5,3,Christian (Catholic protestant or any other Christian denominations),1,"Graduate or professional degree (MA, MS, MBA, PhD, Law Degree, Medical Degree etc)",Close-ended questions (e.g. multiple choice),Definitely yes,,Decoy,25-29,Male,Graduate or professional degree,White,Christian
24,Decoy Condition,Decoy Condition 1,Decoy: target 1st,Yes,Yes,Yes,1,27,25-29,1995,1,Male,5,3,Christian (Catholic protestant or any other Christian denominations),1,"Graduate or professional degree (MA, MS, MBA, PhD, Law Degree, Medical Degree etc)",Open-ended questions (e.g. text entry),Definitely yes,,Decoy,25-29,Male,Graduate or professional degree,White,Christian
25,Decoy Condition,Decoy Condition 1,Decoy: target 1st,Yes,Yes,Yes,1,27,25-29,1995,1,Male,5,3,Christian (Catholic protestant or any other Christian denominations),2,University - Bachelors Degree,Close-ended questions (e.g. multiple choice),Definitely yes,,Decoy,25-29,Male,Bachelor's degree,White,Christian
26,Decoy Condition,Decoy Condition 1,Decoy: target 1st,Yes,Yes,Yes,1,27,25-29,1995,0,Female,5,3,Christian (Catholic protestant or any other Christian denominations),1,"Graduate or professional degree (MA, MS, MBA, PhD, Law Degree, Medical Degree etc)",Close-ended questions (e.g. multiple choice),Definitely yes,,Decoy,25-29,Female,Graduate or professional degree,White,Christian
27,Decoy Condition,Decoy Condition 1,Decoy: target 1st,Yes,Yes,Yes,1,26,25-29,1996,1,Male,5,3,Christian (Catholic protestant or any other Christian denominations),2,University - Bachelors Degree,Close-ended questions (e.g. multiple choice),Definitely yes,,Decoy,25-29,Male,Bachelor's degree,White,Christian
28,Decoy Condition,Decoy Condition 1,Decoy: target 1st,Yes,Yes,Yes,1,26,25-29,1996,0,Female,5,3,Christian (Catholic protestant or any other Christian denominations),1,"Graduate or professional degree (MA, MS, MBA, PhD, Law Degree, Medical Degree etc)",Close-ended questions (e.g. multiple choice),Definitely yes,,Decoy,25-29,Female,Graduate or professional degree,White,Christian
29,Decoy Condition,Decoy Condition 1,Decoy: target 1st,Yes,Yes,Yes,1,26,25-29,1996,0,Female,5,3,Christian (Catholic protestant or any other Christian denominations),2,University - Bachelors Degree,Close-ended questions (e.g. multiple choice),Definitely yes,,Decoy,25-29,Female,Bachelor's degree,White,Christian
30,Decoy Condition,Decoy Condition 1,Decoy: target 1st,No,No,Yes,1,26,25-29,1996,0,Female,5,3,Christian (Catholic protestant or any other Christian denominations),2,University - Bachelors Degree,Close-ended questions (e.g. multiple choice),Definitely yes,,Decoy,25-29,Female,Bachelor's degree,White,Christian
31,Decoy Condition,Decoy Condition 1,Decoy: target 1st,Yes,Yes,Yes,1,26,25-29,1996,0,Female,5,3,Christian (Catholic protestant or any other Christian denominations),2,University - Bachelors Degree,Close-ended questions (e.g. multiple choice),Definitely yes,,Decoy,25-29,Female,Bachelor's degree,White,Christian
32,Decoy Condition,Decoy Condition 1,Decoy: target 1st,Yes,Yes,Yes,1,26,25-29,1996,0,Female,5,3,Christian (Catholic protestant or any other Christian denominations),1,"Graduate or professional degree (MA, MS, MBA, PhD, Law Degree, Medical Degree etc)",Close-ended questions (e.g. multiple choice),Definitely yes,,Decoy,25-29,Female,Graduate or professional degree,White,Christian
33,Decoy Condition,Decoy Condition 1,Decoy: target 1st,Yes,Yes,Yes,1,26,25-29,1996,0,Female,5,3,Christian (Catholic protestant or any other Christian denominations),2,University - Bachelors Degree,Close-ended questions (e.g. multiple choice),Definitely yes,,Decoy,25-29,Female,Bachelor's degree,White,Christian
34,Decoy Condition,Decoy Condition 1,Decoy: target 1st,No,No,Yes,1,26,25-29,1996,0,Female,5,3,Christian (Catholic protestant or any other Christian denominations),1,"Graduate or professional degree (MA, MS, MBA, PhD, Law Degree, Medical Degree etc)",Close-ended questions (e.g. multiple choice),Definitely yes,,Decoy,25-29,Female,Graduate or professional degree,White,Christian
35,Decoy Condition,Decoy Condition 1,Decoy: target 1st,Yes,Yes,Yes,1,28,25-29,1994,0,Female,5,3,Christian (Catholic protestant or any other Christian denominations),1,"Graduate or professional degree (MA, MS, MBA, PhD, Law Degree, Medical Degree etc)",Close-ended questions (e.g. multiple choice),Definitely yes,,Decoy,25-29,Female,Graduate or professional degree,White,Christian
36,Decoy Condition,Decoy Condition 1,Decoy: target 1st,Yes,Yes,Yes,1,28,25-29,1994,1,Male,5,3,Christian (Catholic protestant or any other Christian denominations),1,"Graduate or professional degree (MA, MS, MBA, PhD, Law Degree, Medical Degree etc)",Close-ended questions (e.g. multiple choice),Definitely yes,,Decoy,25-29,Male,Graduate or professional degree,White,Christian
37,Decoy Condition,Decoy Condition 1,Decoy: target 1st,Yes,Yes,Yes,1,28,25-29,1994,1,Male,5,3,Christian (Catholic protestant or any other Christian denominations),2,University - Bachelors Degree,Close-ended questions (e.g. multiple choice),Definitely yes,,Decoy,25-29,Male,Bachelor's degree,White,Christian
38,Control Condition,Control Condition,Control,Yes,Yes,Yes,1,28,25-29,1994,0,Female,5,3,Christian (Catholic protestant or any other Christian denominations),1,"Graduate or professional degree (MA, MS, MBA, PhD, Law Degree, Medical Degree etc)",Close-ended questions (e.g. multiple choice),Definitely yes,,Control,25-29,Female,Graduate or professional degree,White,Christian
39,Decoy Condition,Decoy Condition 1,Decoy: target 1st,Yes,Yes,Yes,1,28,25-29,1994,0,Female,5,3,Christian (Catholic protestant or any other Christian denominations),1,"Graduate or professional degree (MA, MS, MBA, PhD, Law Degree, Medical Degree etc)",Close-ended questions (e.g. multiple choice),Definitely yes,,Decoy,25-29,Female,Graduate or professional degree,White,Christian
40,Control Condition,Control Condition,Control,Yes,Yes,Yes,1,28,25-29,1994,1,Male,5,3,Christian (Catholic protestant or any other Christian denominations),2,University - Bachelors Degree,Close-ended questions (e.g. multiple choice),Definitely yes,,Control,25-29,Male,Bachelor's degree,White,Christian
41,Decoy Condition,Decoy Condition 1,Decoy: target 1st,Yes,Yes,Yes,1,25,25-29,1997,0,Female,5,6,Muslim,2,University - Bachelors Degree,Close-ended questions (e.g. multiple choice),Definitely yes,,Decoy,25-29,Female,Bachelor's degree,White,Ohter religion
42,Decoy Condition,Decoy Condition 1,Decoy: target 1st,Yes,Yes,Yes,1,25,25-29,1997,1,Male,5,6,Muslim,2,University - Bachelors Degree,Close-ended questions (e.g. multiple choice),Definitely yes,,Decoy,25-29,Male,Bachelor's degree,White,Ohter religion
43,Decoy Condition,Decoy Condition 1,Decoy: target 1st,No,No,Yes,1,25,25-29,1997,1,Male,1,3,Christian (Catholic protestant or any other Christian denominations),2,University - Bachelors Degree,Close-ended questions (e.g. multiple choice),Definitely yes,,Decoy,25-29,Male,Bachelor's degree,Asian,Christian
44,Decoy Condition,Decoy Condition 1,Decoy: target 1st,No,No,Yes,1,32,30-35,1990,1,Male,5,6,Muslim,2,University - Bachelors Degree,Close-ended questions (e.g. multiple choice),Definitely yes,,Decoy,2.0,Male,Bachelor's degree,White,Ohter religion
45,Decoy Condition,Decoy Condition 1,Decoy: target 1st,Yes,Yes,Yes,1,22,20-24,2000,0,Female,1,2,No Religion,2,University - Bachelors Degree,Close-ended questions (e.g. multiple choice),Definitely yes,,Decoy,20-24,Female,Bachelor's degree,Asian,No religion
46,Decoy Condition,Decoy Condition 1,Decoy: target 1st,Yes,Yes,Yes,1,23,20-24,1999,0,Female,1,3,Christian (Catholic protestant or any other Christian denominations),2,University - Bachelors Degree,Open-ended questions (e.g. text entry),Definitely yes,,Decoy,20-24,Female,Bachelor's degree,Asian,Christian
47,Decoy Condition,Decoy Condition 1,Decoy: target 1st,Yes,Yes,Yes,1,21,20-24,2001,0,Female,1,2,No Religion,2,University - Bachelors Degree,Close-ended questions (e.g. multiple choice),Definitely yes,,Decoy,20-24,Female,Bachelor's degree,Asian,No religion
48,Control Condition,Control Condition,Control,Yes,Yes,Yes,1,22,20-24,2000,0,Female,1,2,No Religion,2,University - Bachelors Degree,Open-ended questions (e.g. text entry),Definitely yes,,Control,20-24,Female,Bachelor's degree,Asian,No religion
49,Decoy Condition,Decoy Condition 1,Decoy: target 1st,Yes,Yes,Yes,1,23,20-24,1999,0,Female,1,3,Christian (Catholic protestant or any other Christian denominations),1,"Graduate or professional degree (MA, MS, MBA, PhD, Law Degree, Medical Degree etc)",There is no difference between the two options for me,Definitely yes,,Decoy,20-24,Female,Graduate or professional degree,Asian,Christian
50,Control Condition,Control Condition,Control,Yes,Yes,Yes,1,21,20-24,2001,0,Female,1,2,No Religion,2,University - Bachelors Degree,Open-ended questions (e.g. text entry),Definitely yes,,Control,20-24,Female,Bachelor's degree,Asian,No religion
51,Control Condition,Control Condition,Control,Yes,Yes,Yes,1,22,20-24,2000,0,Female,1,3,Christian (Catholic protestant or any other Christian denominations),2,University - Bachelors Degree,Open-ended questions (e.g. text entry),Definitely yes,,Control,20-24,Female,Bachelor's degree,Asian,Christian
52,Control Condition,Control Condition,Control,No,No,Yes,1,21,20-24,2001,0,Female,1,3,Christian (Catholic protestant or any other Christian denominations),2,University - Bachelors Degree,Open-ended questions (e.g. text entry),Definitely yes,,Control,20-24,Female,Bachelor's degree,Asian,Christian
53,Control Condition,Control Condition,Control,Yes,Yes,Yes,1,20,20-24,2002,0,Female,1,3,Christian (Catholic protestant or any other Christian denominations),2,University - Bachelors Degree,Open-ended questions (e.g. text entry),Definitely yes,,Control,20-24,Female,Bachelor's degree,Asian,Christian
54,Control Condition,Control Condition,Control,Yes,Yes,Yes,1,21,20-24,2001,0,Female,1,3,Christian (Catholic protestant or any other Christian denominations),2,University - Bachelors Degree,Open-ended questions (e.g. text entry),Definitely yes,,Control,20-24,Female,Bachelor's degree,Asian,Christian
55,Control Condition,Control Condition,Control,No,No,Yes,1,22,20-24,2000,0,Female,1,3,Christian (Catholic protestant or any other Christian denominations),2,University - Bachelors Degree,Open-ended questions (e.g. text entry),Definitely yes,,Control,20-24,Female,Bachelor's degree,Asian,Christian
56,Decoy Condition,Decoy Condition 1,Decoy: target 1st,No,No,Yes,1,20,20-24,2002,0,Female,1,2,No Religion,2,University - Bachelors Degree,Close-ended questions (e.g. multiple choice),Definitely yes,,Decoy,20-24,Female,Bachelor's degree,Asian,No religion
57,Control Condition,Control Condition,Control,No,No,Yes,1,23,20-24,1999,0,Female,1,3,Christian (Catholic protestant or any other Christian denominations),2,University - Bachelors Degree,There is no difference between the two options for me,Definitely yes,,Control,20-24,Female,Bachelor's degree,Asian,Christian
58,Control Condition,Control Condition,Control,Yes,Yes,Yes,1,20,20-24,2002,1,Male,1,3,Christian (Catholic protestant or any other Christian denominations),2,University - Bachelors Degree,There is no difference between the two options for me,Definitely yes,,Control,20-24,Male,Bachelor's degree,Asian,Christian
59,Decoy Condition,Decoy Condition 1,Decoy: target 1st,Yes,Yes,Yes,1,22,20-24,2000,1,Male,1,3,Christian (Catholic protestant or any other Christian denominations),2,University - Bachelors Degree,There is no difference between the two options for me,Definitely yes,,Decoy,20-24,Male,Bachelor's degree,Asian,Christian
60,Control Condition,Control Condition,Control,Yes,Yes,Yes,1,21,20-24,2001,1,Male,1,3,Christian (Catholic protestant or any other Christian denominations),2,University - Bachelors Degree,There is no difference between the two options for me,Definitely yes,,Control,20-24,Male,Bachelor's degree,Asian,Christian
61,Control Condition,Control Condition,Control,Yes,Yes,Yes,1,21,20-24,2001,0,Female,1,3,Christian (Catholic protestant or any other Christian denominations),2,University - Bachelors Degree,There is no difference between the two options for me,Definitely yes,,Control,20-24,Female,Bachelor's degree,Asian,Christian
62,Control Condition,Control Condition,Control,Yes,Yes,Yes,1,26,25-29,1996,1,Male,6,1,Hindu,2,University - Bachelors Degree,Close-ended questions (e.g. multiple choice),Definitely yes,,Control,25-29,Male,Bachelor's degree,Black,Ohter religion
63,Decoy Condition,Decoy Condition 1,Decoy: target 1st,Yes,Yes,Yes,1,23,20-24,1999,0,Female,1,3,Christian (Catholic protestant or any other Christian denominations),2,University - Bachelors Degree,There is no difference between the two options for me,Definitely yes,,Decoy,20-24,Female,Bachelor's degree,Asian,Christian
64,Control Condition,Control Condition,Control,No,No,Yes,1,24,20-24,1998,0,Female,4,2,No Religion,1,"Graduate or professional degree (MA, MS, MBA, PhD, Law Degree, Medical Degree etc)",There is no difference between the two options for me,Definitely yes,,Control,20-24,Female,Graduate or professional degree,Other,No religion
65,Control Condition,Control Condition,Control,Yes,Yes,Yes,1,32,30-35,1990,1,Male,5,3,Christian (Catholic protestant or any other Christian denominations),1,"Graduate or professional degree (MA, MS, MBA, PhD, Law Degree, Medical Degree etc)",Close-ended questions (e.g. multiple choice),Probably yes,,Control,2.0,Male,Graduate or professional degree,White,Christian
66,Decoy Condition,Decoy Condition 1,Decoy: target 1st,Yes,Yes,Yes,1,24,20-24,1998,1,Male,5,2,No Religion,2,University - Bachelors Degree,Close-ended questions (e.g. multiple choice),Definitely yes,,Decoy,20-24,Male,Bachelor's degree,White,No religion
67,Decoy Condition,Decoy Condition 1,Decoy: target 1st,No,No,Yes,1,22,20-24,2000,1,Male,5,2,No Religion,2,University - Bachelors Degree,Close-ended questions (e.g. multiple choice),Probably yes,,Decoy,20-24,Male,Bachelor's degree,White,No religion
68,Control Condition,Control Condition,Control,No,No,Yes,1,27,25-29,1995,1,Male,5,3,Christian (Catholic protestant or any other Christian denominations),2,University - Bachelors Degree,There is no difference between the two options for me,Definitely yes,,Control,25-29,Male,Bachelor's degree,White,Christian
69,Decoy Condition,Decoy Condition 1,Decoy: target 1st,Yes,Yes,Yes,1,29,25-29,1993,1,Male,5,3,Christian (Catholic protestant or any other Christian denominations),2,University - Bachelors Degree,There is no difference between the two options for me,Definitely yes,,Decoy,25-29,Male,Bachelor's degree,White,Christian
70,Decoy Condition,Decoy Condition 1,Decoy: target 1st,Yes,Yes,Yes,1,26,25-29,1996,1,Male,6,3,Christian (Catholic protestant or any other Christian denominations),2,University - Bachelors Degree,There is no difference between the two options for me,Definitely yes,,Decoy,25-29,Male,Bachelor's degree,Black,Christian
71,Decoy Condition,Decoy Condition 1,Decoy: target 1st,No,No,Yes,1,25,25-29,1997,0,Female,6,3,Christian (Catholic protestant or any other Christian denominations),2,University - Bachelors Degree,There is no difference between the two options for me,Definitely yes,,Decoy,25-29,Female,Bachelor's degree,Black,Christian
72,Control Condition,Control Condition,Control,Yes,Yes,Yes,1,24,20-24,1998,0,Female,5,3,Christian (Catholic protestant or any other Christian denominations),2,University - Bachelors Degree,There is no difference between the two options for me,Definitely yes,,Control,20-24,Female,Bachelor's degree,White,Christian
73,Control Condition,Control Condition,Control,No,No,Yes,1,25,25-29,1997,0,Female,5,2,No Religion,1,"Graduate or professional degree (MA, MS, MBA, PhD, Law Degree, Medical Degree etc)",There is no difference between the two options for me,Definitely yes,,Control,25-29,Female,Graduate or professional degree,White,No religion
74,Control Condition,Control Condition,Control,No,No,Yes,1,26,25-29,1996,1,Male,6,3,Christian (Catholic protestant or any other Christian denominations),2,University - Bachelors Degree,There is no difference between the two options for me,Definitely yes,,Control,25-29,Male,Bachelor's degree,Black,Christian
75,Control Condition,Control Condition,Control,Yes,Yes,Yes,1,29,25-29,1993,1,Male,6,2,No Religion,2,University - Bachelors Degree,Close-ended questions (e.g. multiple choice),Definitely yes,,Control,25-29,Male,Bachelor's degree,Black,No religion
76,Control Condition,Control Condition,Control,Yes,Yes,Yes,1,26,25-29,1996,0,Female,1,3,Christian (Catholic protestant or any other Christian denominations),1,"Graduate or professional degree (MA, MS, MBA, PhD, Law Degree, Medical Degree etc)",There is no difference between the two options for me,Definitely yes,,Control,25-29,Female,Graduate or professional degree,Asian,Christian
77,Decoy Condition,Decoy Condition 1,Decoy: target 1st,Yes,Yes,Yes,1,24,20-24,1998,0,Female,5,2,No Religion,2,University - Bachelors Degree,There is no difference between the two options for me,Definitely yes,,Decoy,20-24,Female,Bachelor's degree,White,No religion
78,Decoy Condition,Decoy Condition 1,Decoy: target 1st,Yes,Yes,Yes,1,23,20-24,1999,0,Female,3,3,Christian (Catholic protestant or any other Christian denominations),2,University - Bachelors Degree,There is no difference between the two options for me,Definitely yes,,Decoy,20-24,Female,Bachelor's degree,Other,Christian
79,Decoy Condition,Decoy Condition 1,Decoy: target 1st,Yes,Yes,Yes,1,27,25-29,1995,0,Female,6,2,No Religion,1,"Graduate or professional degree (MA, MS, MBA, PhD, Law Degree, Medical Degree etc)",There is no difference between the two options for me,Definitely yes,,Decoy,25-29,Female,Graduate or professional degree,Black,No religion
80,Control Condition,Control Condition,Control,No,No,Yes,1,27,25-29,1995,1,Male,3,3,Christian (Catholic protestant or any other Christian denominations),2,University - Bachelors Degree,There is no difference between the two options for me,Definitely yes,,Control,25-29,Male,Bachelor's degree,Other,Christian
81,Decoy Condition,Decoy Condition 1,Decoy: target 1st,Yes,Yes,Yes,1,29,25-29,1993,1,Male,5,2,No Religion,1,"Graduate or professional degree (MA, MS, MBA, PhD, Law Degree, Medical Degree etc)",There is no difference between the two options for me,Definitely yes,,Decoy,25-29,Male,Graduate or professional degree,White,No religion
82,Decoy Condition,Decoy Condition 1,Decoy: target 1st,Yes,Yes,Yes,1,27,25-29,1995,1,Male,5,3,Christian (Catholic protestant or any other Christian denominations),1,"Graduate or professional degree (MA, MS, MBA, PhD, Law Degree, Medical Degree etc)",There is no difference between the two options for me,Definitely yes,,Decoy,25-29,Male,Graduate or professional degree,White,Christian
83,Decoy Condition,Decoy Condition 1,Decoy: target 1st,Yes,Yes,Yes,1,23,20-24,1999,0,Female,6,3,Christian (Catholic protestant or any other Christian denominations),2,University - Bachelors Degree,There is no difference between the two options for me,Definitely yes,,Decoy,20-24,Female,Bachelor's degree,Black,Christian
84,Decoy Condition,Decoy Condition 1,Decoy: target 1st,Yes,Yes,Yes,1,27,25-29,1995,1,Male,1,3,Christian (Catholic protestant or any other Christian denominations),2,University - Bachelors Degree,There is no difference between the two options for me,Definitely yes,,Decoy,25-29,Male,Bachelor's degree,Asian,Christian
85,Decoy Condition,Decoy Condition 1,Decoy: target 1st,Yes,Yes,Yes,1,28,25-29,1994,0,Female,1,3,Christian (Catholic protestant or any other Christian denominations),1,"Graduate or professional degree (MA, MS, MBA, PhD, Law Degree, Medical Degree etc)",Close-ended questions (e.g. multiple choice),Definitely yes,,Decoy,25-29,Female,Graduate or professional degree,Asian,Christian
86,Decoy Condition,Decoy Condition 2,Decoy; decoy 1st,No,No,No,0,31,30-35,1991,1,Male,5,3,Christian (Catholic protestant or any other Christian denominations),1,"Graduate or professional degree (MA, MS, MBA, PhD, Law Degree, Medical Degree etc)",There is no difference between the two options for me,Definitely yes,,Decoy,2.0,Male,Graduate or professional degree,White,Christian
87,Decoy Condition,Decoy Condition 2,Decoy; decoy 1st,Yes,Yes,Yes,1,26,25-29,1996,0,Female,6,2,No Religion,2,University - Bachelors Degree,Close-ended questions (e.g. multiple choice),Definitely yes,,Decoy,25-29,Female,Bachelor's degree,Black,No religion
88,Decoy Condition,Decoy Condition 2,Decoy; decoy 1st,Yes,Yes,Yes,1,27,25-29,1995,1,Male,5,2,No Religion,1,"Graduate or professional degree (MA, MS, MBA, PhD, Law Degree, Medical Degree etc)",There is no difference between the two options for me,Definitely yes,,Decoy,25-29,Male,Graduate or professional degree,White,No religion
89,Control Condition,Control Condition,Control,Yes,Yes,Yes,1,27,25-29,1995,0,Female,1,3,Christian (Catholic protestant or any other Christian denominations),1,"Graduate or professional degree (MA, MS, MBA, PhD, Law Degree, Medical Degree etc)",Close-ended questions (e.g. multiple choice),Definitely yes,,Control,25-29,Female,Graduate or professional degree,Asian,Christian
90,Control Condition,Control Condition,Control,No,No,No,0,23,20-24,1999,0,Female,5,2,No Religion,2,University - Bachelors Degree,There is no difference between the two options for me,Definitely yes,,Control,20-24,Female,Bachelor's degree,White,No religion
91,Decoy Condition,Decoy Condition 2,Decoy; decoy 1st,Yes,Yes,Yes,1,30,30-35,1992,0,Female,5,3,Christian (Catholic protestant or any other Christian denominations),1,"Graduate or professional degree (MA, MS, MBA, PhD, Law Degree, Medical Degree etc)",Close-ended questions (e.g. multiple choice),Definitely yes,,Decoy,2.0,Female,Graduate or professional degree,White,Christian
92,Control Condition,Control Condition,Control,Yes,Yes,Yes,1,26,25-29,1996,0,Female,5,3,Christian (Catholic protestant or any other Christian denominations),2,University - Bachelors Degree,Close-ended questions (e.g. multiple choice),Definitely yes,,Control,25-29,Female,Bachelor's degree,White,Christian
93,Control Condition,Control Condition,Control,No,No,Yes,1,25,25-29,1997,1,Male,5,2,No Religion,1,"Graduate or professional degree (MA, MS, MBA, PhD, Law Degree, Medical Degree etc)",There is no difference between the two options for me,Definitely yes,,Control,25-29,Male,Graduate or professional degree,White,No religion
94,Control Condition,Control Condition,Control,No,No,Yes,1,22,20-24,2000,0,Female,5,2,No Religion,2,University - Bachelors Degree,There is no difference between the two options for me,Definitely yes,,Control,20-24,Female,Bachelor's degree,White,No religion
95,Decoy Condition,Decoy Condition 2,Decoy; decoy 1st,No,No,No,0,29,25-29,1993,0,Female,1,3,Christian (Catholic protestant or any other Christian denominations),2,University - Bachelors Degree,There is no difference between the two options for me,Definitely yes,,Decoy,25-29,Female,Bachelor's degree,Asian,Christian
96,Control Condition,Control Condition,Control,No,No,No,0,26,25-29,1996,1,Male,6,3,Christian (Catholic protestant or any other Christian denominations),2,University - Bachelors Degree,There is no difference between the two options for me,Definitely yes,,Control,25-29,Male,Bachelor's degree,Black,Christian
97,Control Condition,Control Condition,Control,No,No,Yes,1,24,20-24,1998,1,Male,5,3,Christian (Catholic protestant or any other Christian denominations),2,University - Bachelors Degree,There is no difference between the two options for me,Definitely yes,,Control,20-24,Male,Bachelor's degree,White,Christian
98,Control Condition,Control Condition,Control,No,No,Yes,1,30,30-35,1992,1,Male,6,3,Christian (Catholic protestant or any other Christian denominations),1,"Graduate or professional degree (MA, MS, MBA, PhD, Law Degree, Medical Degree etc)",There is no difference between the two options for me,Definitely yes,,Control,2.0,Male,Graduate or professional degree,Black,Christian
99,Control Condition,Control Condition,Control,No,No,Yes,1,27,25-29,1995,0,Female,6,3,Christian (Catholic protestant or any other Christian denominations),1,"Graduate or professional degree (MA, MS, MBA, PhD, Law Degree, Medical Degree etc)",There is no difference between the two options for me,Definitely yes,,Control,25-29,Female,Graduate or professional degree,Black,Christian
100,Control Condition,Control Condition,Control,No,No,No,0,26,25-29,1996,0,Female,6,3,Christian (Catholic protestant or any other Christian denominations),2,University - Bachelors Degree,There is no difference between the two options for me,Definitely yes,,Control,25-29,Female,Bachelor's degree,Black,Christian
101,Control Condition,Control Condition,Control,No,No,Yes,1,27,25-29,1995,1,Male,6,3,Christian (Catholic protestant or any other Christian denominations),1,"Graduate or professional degree (MA, MS, MBA, PhD, Law Degree, Medical Degree etc)",There is no difference between the two options for me,Definitely yes,,Control,25-29,Male,Graduate or professional degree,Black,Christian
102,Decoy Condition,Decoy Condition 2,Decoy; decoy 1st,Yes,Yes,Yes,1,26,25-29,1996,1,Male,1,3,Christian (Catholic protestant or any other Christian denominations),1,"Graduate or professional degree (MA, MS, MBA, PhD, Law Degree, Medical Degree etc)",There is no difference between the two options for me,Definitely yes,,Decoy,25-29,Male,Graduate or professional degree,Asian,Christian
103,Decoy Condition,Decoy Condition 2,Decoy; decoy 1st,Yes,Yes,Yes,1,29,25-29,1993,0,Female,5,3,Christian (Catholic protestant or any other Christian denominations),1,"Graduate or professional degree (MA, MS, MBA, PhD, Law Degree, Medical Degree etc)",There is no difference between the two options for me,Definitely yes,,Decoy,25-29,Female,Graduate or professional degree,White,Christian
104,Control Condition,Control Condition,Control,No,No,No,0,28,25-29,1994,1,Male,5,2,No Religion,1,"Graduate or professional degree (MA, MS, MBA, PhD, Law Degree, Medical Degree etc)",There is no difference between the two options for me,Definitely yes,,Control,25-29,Male,Graduate or professional degree,White,No religion
105,Decoy Condition,Decoy Condition 2,Decoy; decoy 1st,Yes,Yes,Yes,1,25,25-29,1997,0,Female,1,3,Christian (Catholic protestant or any other Christian denominations),2,University - Bachelors Degree,There is no difference between the two options for me,Definitely yes,,Decoy,25-29,Female,Bachelor's degree,Asian,Christian
106,Control Condition,Control Condition,Control,Yes,Yes,Yes,1,25,25-29,1997,0,Female,1,3,Christian (Catholic protestant or any other Christian denominations),2,University - Bachelors Degree,There is no difference between the two options for me,Definitely yes,,Control,25-29,Female,Bachelor's degree,Asian,Christian
107,Decoy Condition,Decoy Condition 2,Decoy; decoy 1st,No,No,Yes,1,27,25-29,1995,1,Male,5,3,Christian (Catholic protestant or any other Christian denominations),2,University - Bachelors Degree,Close-ended questions (e.g. multiple choice),Definitely yes,,Decoy,25-29,Male,Bachelor's degree,White,Christian
108,Control Condition,Control Condition,Control,No,No,Yes,1,25,25-29,1997,1,Male,1,3,Christian (Catholic protestant or any other Christian denominations),2,University - Bachelors Degree,Close-ended questions (e.g. multiple choice),Definitely yes,,Control,25-29,Male,Bachelor's degree,Asian,Christian
109,Control Condition,Control Condition,Control,No,No,Yes,1,26,25-29,1996,0,Female,5,3,Christian (Catholic protestant or any other Christian denominations),2,University - Bachelors Degree,Close-ended questions (e.g. multiple choice),Definitely yes,,Control,25-29,Female,Bachelor's degree,White,Christian
110,Decoy Condition,Decoy Condition 2,Decoy; decoy 1st,No,No,Yes,1,28,25-29,1994,1,Male,1,3,Christian (Catholic protestant or any other Christian denominations),2,University - Bachelors Degree,Close-ended questions (e.g. multiple choice),Definitely yes,,Decoy,25-29,Male,Bachelor's degree,Asian,Christian
111,Control Condition,Control Condition,Control,Yes,Yes,Yes,1,22,20-24,2000,1,Male,1,5,Jewish,2,University - Bachelors Degree,Close-ended questions (e.g. multiple choice),Probably yes,,Control,20-24,Male,Bachelor's degree,Asian,Ohter religion
112,Control Condition,Control Condition,Control,No,No,Yes,1,32,30-35,1990,1,Male,5,3,Christian (Catholic protestant or any other Christian denominations),1,"Graduate or professional degree (MA, MS, MBA, PhD, Law Degree, Medical Degree etc)",Close-ended questions (e.g. multiple choice),Definitely yes,,Control,2.0,Male,Graduate or professional degree,White,Christian
113,Decoy Condition,Decoy Condition 2,Decoy; decoy 1st,Yes,Yes,Yes,1,32,30-35,1990,1,Male,5,3,Christian (Catholic protestant or any other Christian denominations),2,University - Bachelors Degree,There is no difference between the two options for me,Definitely yes,,Decoy,2.0,Male,Bachelor's degree,White,Christian
114,Control Condition,Control Condition,Control,No,No,Yes,1,28,25-29,1994,1,Male,1,3,Christian (Catholic protestant or any other Christian denominations),2,University - Bachelors Degree,Close-ended questions (e.g. multiple choice),Definitely yes,,Control,25-29,Male,Bachelor's degree,Asian,Christian
115,Decoy Condition,Decoy Condition 2,Decoy; decoy 1st,Yes,Yes,Yes,1,32,30-35,1990,1,Male,5,3,Christian (Catholic protestant or any other Christian denominations),1,"Graduate or professional degree (MA, MS, MBA, PhD, Law Degree, Medical Degree etc)",Close-ended questions (e.g. multiple choice),Definitely yes,,Decoy,2.0,Male,Graduate or professional degree,White,Christian
116,Decoy Condition,Decoy Condition 2,Decoy; decoy 1st,Yes,Yes,Yes,1,31,30-35,1991,1,Male,5,3,Christian (Catholic protestant or any other Christian denominations),2,University - Bachelors Degree,Close-ended questions (e.g. multiple choice),Definitely yes,,Decoy,2.0,Male,Bachelor's degree,White,Christian
117,Control Condition,Control Condition,Control,No,No,Yes,1,32,30-35,1990,1,Male,5,3,Christian (Catholic protestant or any other Christian denominations),1,"Graduate or professional degree (MA, MS, MBA, PhD, Law Degree, Medical Degree etc)",Close-ended questions (e.g. multiple choice),Definitely yes,,Control,2.0,Male,Graduate or professional degree,White,Christian
118,Decoy Condition,Decoy Condition 2,Decoy; decoy 1st,Yes,Yes,Yes,1,31,30-35,1991,1,Male,5,3,Christian (Catholic protestant or any other Christian denominations),1,"Graduate or professional degree (MA, MS, MBA, PhD, Law Degree, Medical Degree etc)",Close-ended questions (e.g. multiple choice),Definitely yes,,Decoy,2.0,Male,Graduate or professional degree,White,Christian
119,Control Condition,Control Condition,Control,No,No,Yes,1,32,30-35,1990,1,Male,5,3,Christian (Catholic protestant or any other Christian denominations),1,"Graduate or professional degree (MA, MS, MBA, PhD, Law Degree, Medical Degree etc)",Close-ended questions (e.g. multiple choice),Definitely yes,,Control,2.0,Male,Graduate or professional degree,White,Christian
120,Control Condition,Control Condition,Control,Yes,Yes,Yes,1,30,30-35,1992,0,Female,5,3,Christian (Catholic protestant or any other Christian denominations),2,University - Bachelors Degree,Close-ended questions (e.g. multiple choice),Definitely yes,,Control,2.0,Female,Bachelor's degree,White,Christian
121,Decoy Condition,Decoy Condition 2,Decoy; decoy 1st,Yes,Yes,Yes,1,31,30-35,1991,1,Male,5,3,Christian (Catholic protestant or any other Christian denominations),1,"Graduate or professional degree (MA, MS, MBA, PhD, Law Degree, Medical Degree etc)",Close-ended questions (e.g. multiple choice),Definitely yes,,Decoy,2.0,Male,Graduate or professional degree,White,Christian
122,Control Condition,Control Condition,Control,No,No,Yes,1,31,30-35,1991,1,Male,5,3,Christian (Catholic protestant or any other Christian denominations),1,"Graduate or professional degree (MA, MS, MBA, PhD, Law Degree, Medical Degree etc)",Close-ended questions (e.g. multiple choice),Definitely yes,,Control,2.0,Male,Graduate or professional degree,White,Christian
123,Decoy Condition,Decoy Condition 2,Decoy; decoy 1st,Yes,No,Yes,1,32,30-35,1990,1,Male,5,3,Christian (Catholic protestant or any other Christian denominations),1,"Graduate or professional degree (MA, MS, MBA, PhD, Law Degree, Medical Degree etc)",Close-ended questions (e.g. multiple choice),Definitely yes,,Decoy,2.0,Male,Graduate or professional degree,White,Christian
124,Control Condition,Control Condition,Control,No,No,Yes,1,31,30-35,1991,1,Male,5,3,Christian (Catholic protestant or any other Christian denominations),1,"Graduate or professional degree (MA, MS, MBA, PhD, Law Degree, Medical Degree etc)",Close-ended questions (e.g. multiple choice),Definitely yes,,Control,2.0,Male,Graduate or professional degree,White,Christian
125,Control Condition,Control Condition,Control,Yes,Yes,Yes,1,30,30-35,1992,1,Male,1,3,Christian (Catholic protestant or any other Christian denominations),1,"Graduate or professional degree (MA, MS, MBA, PhD, Law Degree, Medical Degree etc)",There is no difference between the two options for me,Probably yes,,Control,2.0,Male,Graduate or professional degree,Asian,Christian
126,Control Condition,Control Condition,Control,No,No,Yes,1,26,25-29,1996,1,Male,1,3,Christian (Catholic protestant or any other Christian denominations),2,University - Bachelors Degree,Close-ended questions (e.g. multiple choice),Definitely yes,,Control,25-29,Male,Bachelor's degree,Asian,Christian
127,Decoy Condition,Decoy Condition 2,Decoy; decoy 1st,Yes,No,Yes,1,23,20-24,1999,1,Male,5,3,Christian (Catholic protestant or any other Christian denominations),2,University - Bachelors Degree,Close-ended questions (e.g. multiple choice),Definitely yes,,Decoy,20-24,Male,Bachelor's degree,White,Christian
128,Decoy Condition,Decoy Condition 2,Decoy; decoy 1st,No,No,Yes,1,32,30-35,1990,1,Male,5,3,Christian (Catholic protestant or any other Christian denominations),2,University - Bachelors Degree,Close-ended questions (e.g. multiple choice),Definitely yes,,Decoy,2.0,Male,Bachelor's degree,White,Christian
129,Decoy Condition,Decoy Condition 2,Decoy; decoy 1st,No,No,No,0,25,25-29,1997,1,Male,1,3,Christian (Catholic protestant or any other Christian denominations),1,"Graduate or professional degree (MA, MS, MBA, PhD, Law Degree, Medical Degree etc)",Close-ended questions (e.g. multiple choice),Definitely yes,,Decoy,25-29,Male,Graduate or professional degree,Asian,Christian
130,Control Condition,Control Condition,Control,Yes,Yes,Yes,1,28,25-29,1994,1,Male,5,3,Christian (Catholic protestant or any other Christian denominations),2,University - Bachelors Degree,Open-ended questions (e.g. text entry),Definitely yes,,Control,25-29,Male,Bachelor's degree,White,Christian
131,Decoy Condition,Decoy Condition 2,Decoy; decoy 1st,Yes,Yes,Yes,1,32,30-35,1990,1,Male,5,3,Christian (Catholic protestant or any other Christian denominations),1,"Graduate or professional degree (MA, MS, MBA, PhD, Law Degree, Medical Degree etc)",Close-ended questions (e.g. multiple choice),Definitely yes,,Decoy,2.0,Male,Graduate or professional degree,White,Christian
132,Control Condition,Control Condition,Control,No,No,Yes,1,32,30-35,1990,1,Male,5,3,Christian (Catholic protestant or any other Christian denominations),1,"Graduate or professional degree (MA, MS, MBA, PhD, Law Degree, Medical Degree etc)",Close-ended questions (e.g. multiple choice),Definitely yes,,Control,2.0,Male,Graduate or professional degree,White,Christian
133,Decoy Condition,Decoy Condition 2,Decoy; decoy 1st,Yes,Yes,Yes,1,31,30-35,1991,1,Male,5,3,Christian (Catholic protestant or any other Christian denominations),1,"Graduate or professional degree (MA, MS, MBA, PhD, Law Degree, Medical Degree etc)",Close-ended questions (e.g. multiple choice),Definitely yes,,Decoy,2.0,Male,Graduate or professional degree,White,Christian
134,Decoy Condition,Decoy Condition 2,Decoy; decoy 1st,Yes,Yes,Yes,1,32,30-35,1990,1,Male,5,3,Christian (Catholic protestant or any other Christian denominations),1,"Graduate or professional degree (MA, MS, MBA, PhD, Law Degree, Medical Degree etc)",Close-ended questions (e.g. multiple choice),Definitely yes,,Decoy,2.0,Male,Graduate or professional degree,White,Christian
135,Control Condition,Control Condition,Control,Yes,Yes,Yes,1,31,30-35,1991,1,Male,5,3,Christian (Catholic protestant or any other Christian denominations),2,University - Bachelors Degree,Close-ended questions (e.g. multiple choice),Definitely yes,,Control,2.0,Male,Bachelor's degree,White,Christian
136,Decoy Condition,Decoy Condition 2,Decoy; decoy 1st,No,No,Yes,1,32,30-35,1990,0,Female,5,3,Christian (Catholic protestant or any other Christian denominations),1,"Graduate or professional degree (MA, MS, MBA, PhD, Law Degree, Medical Degree etc)",There is no difference between the two options for me,Definitely yes,,Decoy,2.0,Female,Graduate or professional degree,White,Christian
137,Decoy Condition,Decoy Condition 2,Decoy; decoy 1st,No,No,Yes,1,30,30-35,1992,0,Female,1,6,Muslim,1,"Graduate or professional degree (MA, MS, MBA, PhD, Law Degree, Medical Degree etc)",There is no difference between the two options for me,Definitely yes,,Decoy,2.0,Female,Graduate or professional degree,Asian,Ohter religion
138,Control Condition,Control Condition,Control,No,No,Yes,1,32,30-35,1990,1,Male,1,6,Muslim,1,"Graduate or professional degree (MA, MS, MBA, PhD, Law Degree, Medical Degree etc)",Close-ended questions (e.g. multiple choice),Definitely yes,,Control,2.0,Male,Graduate or professional degree,Asian,Ohter religion
139,Decoy Condition,Decoy Condition 2,Decoy; decoy 1st,No,No,Yes,1,26,25-29,1996,0,Female,1,3,Christian (Catholic protestant or any other Christian denominations),2,University - Bachelors Degree,Close-ended questions (e.g. multiple choice),Definitely yes,,Decoy,25-29,Female,Bachelor's degree,Asian,Christian
140,Decoy Condition,Decoy Condition 2,Decoy; decoy 1st,No,No,Yes,1,24,20-24,1998,1,Male,1,3,Christian (Catholic protestant or any other Christian denominations),2,University - Bachelors Degree,Close-ended questions (e.g. multiple choice),Definitely yes,,Decoy,20-24,Male,Bachelor's degree,Asian,Christian
141,Decoy Condition,Decoy Condition 2,Decoy; decoy 1st,No,No,Yes,1,27,25-29,1995,0,Female,1,3,Christian (Catholic protestant or any other Christian denominations),2,University - Bachelors Degree,Close-ended questions (e.g. multiple choice),Definitely yes,,Decoy,25-29,Female,Bachelor's degree,Asian,Christian
142,Control Condition,Control Condition,Control,No,No,Yes,1,29,25-29,1993,0,Female,5,3,Christian (Catholic protestant or any other Christian denominations),1,"Graduate or professional degree (MA, MS, MBA, PhD, Law Degree, Medical Degree etc)",Close-ended questions (e.g. multiple choice),Definitely yes,,Control,25-29,Female,Graduate or professional degree,White,Christian
143,Decoy Condition,Decoy Condition 2,Decoy; decoy 1st,No,No,Yes,1,31,30-35,1991,1,Male,6,6,Muslim,1,"Graduate or professional degree (MA, MS, MBA, PhD, Law Degree, Medical Degree etc)",Close-ended questions (e.g. multiple choice),Definitely yes,,Decoy,2.0,Male,Graduate or professional degree,Black,Ohter religion
144,Control Condition,Control Condition,Control,No,No,Yes,1,28,25-29,1994,0,Female,5,3,Christian (Catholic protestant or any other Christian denominations),1,"Graduate or professional degree (MA, MS, MBA, PhD, Law Degree, Medical Degree etc)",There is no difference between the two options for me,Definitely yes,,Control,25-29,Female,Graduate or professional degree,White,Christian
145,Decoy Condition,Decoy Condition 2,Decoy; decoy 1st,No,No,Yes,1,27,25-29,1995,0,Female,5,3,Christian (Catholic protestant or any other Christian denominations),2,University - Bachelors Degree,Close-ended questions (e.g. multiple choice),Definitely yes,,Decoy,25-29,Female,Bachelor's degree,White,Christian
146,Decoy Condition,Decoy Condition 2,Decoy; decoy 1st,No,No,Yes,1,25,25-29,1997,0,Female,5,3,Christian (Catholic protestant or any other Christian denominations),2,University - Bachelors Degree,There is no difference between the two options for me,Probably yes,,Decoy,25-29,Female,Bachelor's degree,White,Christian
147,Control Condition,Control Condition,Control,No,No,Yes,1,25,25-29,1997,1,Male,5,3,Christian (Catholic protestant or any other Christian denominations),1,"Graduate or professional degree (MA, MS, MBA, PhD, Law Degree, Medical Degree etc)",There is no difference between the two options for me,Definitely yes,,Control,25-29,Male,Graduate or professional degree,White,Christian
148,Control Condition,Control Condition,Control,No,No,Yes,1,28,25-29,1994,1,Male,5,2,No Religion,1,"Graduate or professional degree (MA, MS, MBA, PhD, Law Degree, Medical Degree etc)",Close-ended questions (e.g. multiple choice),Definitely yes,,Control,25-29,Male,Graduate or professional degree,White,No religion
149,Decoy Condition,Decoy Condition 2,Decoy; decoy 1st,No,No,Yes,1,26,25-29,1996,0,Female,5,3,Christian (Catholic protestant or any other Christian denominations),2,University - Bachelors Degree,Close-ended questions (e.g. multiple choice),Probably no,,Decoy,25-29,Female,Bachelor's degree,White,Christian
150,Control Condition,Control Condition,Control,No,No,Yes,1,24,20-24,1998,0,Female,1,3,Christian (Catholic protestant or any other Christian denominations),2,University - Bachelors Degree,Close-ended questions (e.g. multiple choice),Definitely yes,,Control,20-24,Female,Bachelor's degree,Asian,Christian
151,Decoy Condition,Decoy Condition 2,Decoy; decoy 1st,No,No,Yes,1,28,25-29,1994,0,Female,1,3,Christian (Catholic protestant or any other Christian denominations),2,University - Bachelors Degree,Close-ended questions (e.g. multiple choice),Definitely yes,,Decoy,25-29,Female,Bachelor's degree,Asian,Christian
152,Control Condition,Control Condition,Control,No,No,Yes,1,23,20-24,1999,0,Female,1,3,Christian (Catholic protestant or any other Christian denominations),2,University - Bachelors Degree,Close-ended questions (e.g. multiple choice),Definitely yes,,Control,20-24,Female,Bachelor's degree,Asian,Christian
153,Decoy Condition,Decoy Condition 2,Decoy; decoy 1st,No,No,Yes,1,30,30-35,1992,0,Female,1,2,No Religion,1,"Graduate or professional degree (MA, MS, MBA, PhD, Law Degree, Medical Degree etc)",Close-ended questions (e.g. multiple choice),Definitely yes,,Decoy,2.0,Female,Graduate or professional degree,Asian,No religion
154,Decoy Condition,Decoy Condition 2,Decoy; decoy 1st,No,No,Yes,1,24,20-24,1998,1,Male,1,3,Christian (Catholic protestant or any other Christian denominations),2,University - Bachelors Degree,Close-ended questions (e.g. multiple choice),Probably yes,,Decoy,20-24,Male,Bachelor's degree,Asian,Christian
155,Control Condition,Control Condition,Control,Yes,Yes,Yes,1,27,25-29,1995,1,Male,1,3,Christian (Catholic protestant or any other Christian denominations),2,University - Bachelors Degree,Close-ended questions (e.g. multiple choice),Definitely yes,,Control,25-29,Male,Bachelor's degree,Asian,Christian
156,Control Condition,Control Condition,Control,No,No,Yes,1,30,30-35,1992,1,Male,5,3,Christian (Catholic protestant or any other Christian denominations),1,"Graduate or professional degree (MA, MS, MBA, PhD, Law Degree, Medical Degree etc)",Close-ended questions (e.g. multiple choice),Definitely yes,,Control,2.0,Male,Graduate or professional degree,White,Christian
157,Decoy Condition,Decoy Condition 2,Decoy; decoy 1st,No,No,Yes,1,28,25-29,1994,1,Male,5,3,Christian (Catholic protestant or any other Christian denominations),1,"Graduate or professional degree (MA, MS, MBA, PhD, Law Degree, Medical Degree etc)",Close-ended questions (e.g. multiple choice),Definitely yes,,Decoy,25-29,Male,Graduate or professional degree,White,Christian
158,Decoy Condition,Decoy Condition 2,Decoy; decoy 1st,No,No,Yes,1,24,20-24,1998,1,Male,5,3,Christian (Catholic protestant or any other Christian denominations),2,University - Bachelors Degree,There is no difference between the two options for me,Probably yes,,Decoy,20-24,Male,Bachelor's degree,White,Christian
159,Decoy Condition,Decoy Condition 2,Decoy; decoy 1st,No,No,Yes,1,26,25-29,1996,1,Male,5,3,Christian (Catholic protestant or any other Christian denominations),2,University - Bachelors Degree,Close-ended questions (e.g. multiple choice),Probably yes,,Decoy,25-29,Male,Bachelor's degree,White,Christian
160,Control Condition,Control Condition,Control,No,No,Yes,1,32,30-35,1990,0,Female,5,3,Christian (Catholic protestant or any other Christian denominations),1,"Graduate or professional degree (MA, MS, MBA, PhD, Law Degree, Medical Degree etc)",Close-ended questions (e.g. multiple choice),Definitely yes,,Control,2.0,Female,Graduate or professional degree,White,Christian
161,Control Condition,Control Condition,Control,No,No,Yes,1,25,25-29,1997,0,Female,5,3,Christian (Catholic protestant or any other Christian denominations),2,University - Bachelors Degree,Open-ended questions (e.g. text entry),Definitely yes,,Control,25-29,Female,Bachelor's degree,White,Christian
162,Decoy Condition,Decoy Condition 2,Decoy; decoy 1st,No,No,Yes,1,27,25-29,1995,1,Male,1,3,Christian (Catholic protestant or any other Christian denominations),1,"Graduate or professional degree (MA, MS, MBA, PhD, Law Degree, Medical Degree etc)",Close-ended questions (e.g. multiple choice),Definitely yes,,Decoy,25-29,Male,Graduate or professional degree,Asian,Christian
163,Decoy Condition,Decoy Condition 2,Decoy; decoy 1st,No,No,Yes,1,30,30-35,1992,1,Male,5,3,Christian (Catholic protestant or any other Christian denominations),1,"Graduate or professional degree (MA, MS, MBA, PhD, Law Degree, Medical Degree etc)",There is no difference between the two options for me,Definitely yes,,Decoy,2.0,Male,Graduate or professional degree,White,Christian
164,Decoy Condition,Decoy Condition 2,Decoy; decoy 1st,No,No,Yes,1,28,25-29,1994,1,Male,5,3,Christian (Catholic protestant or any other Christian denominations),1,"Graduate or professional degree (MA, MS, MBA, PhD, Law Degree, Medical Degree etc)",There is no difference between the two options for me,Definitely yes,,Decoy,25-29,Male,Graduate or professional degree,White,Christian
165,Control Condition,Control Condition,Control,No,No,Yes,1,31,30-35,1991,1,Male,5,3,Christian (Catholic protestant or any other Christian denominations),1,"Graduate or professional degree (MA, MS, MBA, PhD, Law Degree, Medical Degree etc)",Close-ended questions (e.g. multiple choice),Definitely yes,,Control,2.0,Male,Graduate or professional degree,White,Christian
166,Decoy Condition,Decoy Condition 2,Decoy; decoy 1st,No,No,Yes,1,24,20-24,1998,1,Male,5,3,Christian (Catholic protestant or any other Christian denominations),2,University - Bachelors Degree,Open-ended questions (e.g. text entry),Definitely yes,,Decoy,20-24,Male,Bachelor's degree,White,Christian
167,Control Condition,Control Condition,Control,No,No,Yes,1,25,25-29,1997,0,Female,5,3,Christian (Catholic protestant or any other Christian denominations),2,University - Bachelors Degree,Close-ended questions (e.g. multiple choice),Definitely yes,,Control,25-29,Female,Bachelor's degree,White,Christian
168,Control Condition,Control Condition,Control,No,No,Yes,1,27,25-29,1995,1,Male,5,3,Christian (Catholic protestant or any other Christian denominations),1,"Graduate or professional degree (MA, MS, MBA, PhD, Law Degree, Medical Degree etc)",There is no difference between the two options for me,Definitely yes,,Control,25-29,Male,Graduate or professional degree,White,Christian
169,Control Condition,Control Condition,Control,No,No,Yes,1,30,30-35,1992,1,Male,5,3,Christian (Catholic protestant or any other Christian denominations),1,"Graduate or professional degree (MA, MS, MBA, PhD, Law Degree, Medical Degree etc)",Close-ended questions (e.g. multiple choice),Probably yes,,Control,2.0,Male,Graduate or professional degree,White,Christian
170,Control Condition,Control Condition,Control,No,No,Yes,1,29,25-29,1993,1,Male,5,3,Christian (Catholic protestant or any other Christian denominations),1,"Graduate or professional degree (MA, MS, MBA, PhD, Law Degree, Medical Degree etc)",Open-ended questions (e.g. text entry),Definitely yes,,Control,25-29,Male,Graduate or professional degree,White,Christian
171,Decoy Condition,Decoy Condition 2,Decoy; decoy 1st,No,No,Yes,1,27,25-29,1995,1,Male,5,3,Christian (Catholic protestant or any other Christian denominations),1,"Graduate or professional degree (MA, MS, MBA, PhD, Law Degree, Medical Degree etc)",Close-ended questions (e.g. multiple choice),Definitely yes,,Decoy,25-29,Male,Graduate or professional degree,White,Christian
172,Decoy Condition,Decoy Condition 2,Decoy; decoy 1st,No,No,Yes,1,24,20-24,1998,0,Female,5,3,Christian (Catholic protestant or any other Christian denominations),2,University - Bachelors Degree,Close-ended questions (e.g. multiple choice),Definitely yes,,Decoy,20-24,Female,Bachelor's degree,White,Christian
173,Decoy Condition,Decoy Condition 2,Decoy; decoy 1st,No,No,Yes,1,28,25-29,1994,1,Male,1,3,Christian (Catholic protestant or any other Christian denominations),1,"Graduate or professional degree (MA, MS, MBA, PhD, Law Degree, Medical Degree etc)",Close-ended questions (e.g. multiple choice),Definitely yes,,Decoy,25-29,Male,Graduate or professional degree,Asian,Christian
174,Control Condition,Control Condition,Control,No,No,Yes,1,23,20-24,1999,1,Male,5,3,Christian (Catholic protestant or any other Christian denominations),2,University - Bachelors Degree,There is no difference between the two options for me,Definitely yes,,Control,20-24,Male,Bachelor's degree,White,Christian
175,Control Condition,Control Condition,Control,No,No,Yes,1,26,25-29,1996,1,Male,5,3,Christian (Catholic protestant or any other Christian denominations),1,"Graduate or professional degree (MA, MS, MBA, PhD, Law Degree, Medical Degree etc)",Close-ended questions (e.g. multiple choice),Definitely yes,,Control,25-29,Male,Graduate or professional degree,White,Christian
176,Control Condition,Control Condition,Control,No,No,Yes,1,25,25-29,1997,1,Male,5,2,No Religion,1,"Graduate or professional degree (MA, MS, MBA, PhD, Law Degree, Medical Degree etc)",Close-ended questions (e.g. multiple choice),Definitely yes,,Control,25-29,Male,Graduate or professional degree,White,No religion
177,Control Condition,Control Condition,Control,No,No,Yes,1,25,25-29,1997,1,Male,5,3,Christian (Catholic protestant or any other Christian denominations),1,"Graduate or professional degree (MA, MS, MBA, PhD, Law Degree, Medical Degree etc)",There is no difference between the two options for me,Probably yes,,Control,25-29,Male,Graduate or professional degree,White,Christian
178,Decoy Condition,Decoy Condition 2,Decoy; decoy 1st,No,No,Yes,1,24,20-24,1998,1,Male,5,3,Christian (Catholic protestant or any other Christian denominations),2,University - Bachelors Degree,Close-ended questions (e.g. multiple choice),Definitely yes,,Decoy,20-24,Male,Bachelor's degree,White,Christian
179,Decoy Condition,Decoy Condition 2,Decoy; decoy 1st,No,No,Yes,1,30,30-35,1992,0,Female,5,3,Christian (Catholic protestant or any other Christian denominations),2,University - Bachelors Degree,Close-ended questions (e.g. multiple choice),Definitely yes,,Decoy,2.0,Female,Bachelor's degree,White,Christian
180,Decoy Condition,Decoy Condition 2,Decoy; decoy 1st,No,No,Yes,1,25,25-29,1997,0,Female,5,3,Christian (Catholic protestant or any other Christian denominations),2,University - Bachelors Degree,There is no difference between the two options for me,Definitely yes,,Decoy,25-29,Female,Bachelor's degree,White,Christian
181,Decoy Condition,Decoy Condition 2,Decoy; decoy 1st,No,No,Yes,1,29,25-29,1993,1,Male,5,3,Christian (Catholic protestant or any other Christian denominations),1,"Graduate or professional degree (MA, MS, MBA, PhD, Law Degree, Medical Degree etc)",Close-ended questions (e.g. multiple choice),Definitely yes,,Decoy,25-29,Male,Graduate or professional degree,White,Christian
182,Control Condition,Control Condition,Control,No,No,Yes,1,27,25-29,1995,0,Female,5,3,Christian (Catholic protestant or any other Christian denominations),1,"Graduate or professional degree (MA, MS, MBA, PhD, Law Degree, Medical Degree etc)",Close-ended questions (e.g. multiple choice),Definitely yes,,Control,25-29,Female,Graduate or professional degree,White,Christian
183,Control Condition,Control Condition,Control,No,No,Yes,1,28,25-29,1994,1,Male,1,3,Christian (Catholic protestant or any other Christian denominations),1,"Graduate or professional degree (MA, MS, MBA, PhD, Law Degree, Medical Degree etc)",Close-ended questions (e.g. multiple choice),Probably yes,,Control,25-29,Male,Graduate or professional degree,Asian,Christian
184,Decoy Condition,Decoy Condition 2,Decoy; decoy 1st,No,No,Yes,1,30,30-35,1992,0,Female,5,3,Christian (Catholic protestant or any other Christian denominations),1,"Graduate or professional degree (MA, MS, MBA, PhD, Law Degree, Medical Degree etc)",Close-ended questions (e.g. multiple choice),Definitely yes,,Decoy,2.0,Female,Graduate or professional degree,White,Christian
185,Decoy Condition,Decoy Condition 2,Decoy; decoy 1st,No,No,Yes,1,27,25-29,1995,1,Male,5,3,Christian (Catholic protestant or any other Christian denominations),1,"Graduate or professional degree (MA, MS, MBA, PhD, Law Degree, Medical Degree etc)",Close-ended questions (e.g. multiple choice),Definitely yes,,Decoy,25-29,Male,Graduate or professional degree,White,Christian
186,Control Condition,Control Condition,Control,No,No,Yes,1,31,30-35,1991,0,Female,5,3,Christian (Catholic protestant or any other Christian denominations),1,"Graduate or professional degree (MA, MS, MBA, PhD, Law Degree, Medical Degree etc)",Close-ended questions (e.g. multiple choice),Definitely yes,,Control,2.0,Female,Graduate or professional degree,White,Christian
187,Control Condition,Control Condition,Control,No,No,Yes,1,26,25-29,1996,0,Female,5,3,Christian (Catholic protestant or any other Christian denominations),2,University - Bachelors Degree,Close-ended questions (e.g. multiple choice),Definitely yes,,Control,25-29,Female,Bachelor's degree,White,Christian
188,Control Condition,Control Condition,Control,No,No,Yes,1,30,30-35,1992,1,Male,5,3,Christian (Catholic protestant or any other Christian denominations),2,University - Bachelors Degree,Close-ended questions (e.g. multiple choice),Definitely yes,,Control,2.0,Male,Bachelor's degree,White,Christian
189,Decoy Condition,Decoy Condition 2,Decoy; decoy 1st,No,No,Yes,1,25,25-29,1997,1,Male,1,3,Christian (Catholic protestant or any other Christian denominations),2,University - Bachelors Degree,Close-ended questions (e.g. multiple choice),Definitely yes,,Decoy,25-29,Male,Bachelor's degree,Asian,Christian
190,Decoy Condition,Decoy Condition 2,Decoy; decoy 1st,No,No,Yes,1,27,25-29,1995,0,Female,5,3,Christian (Catholic protestant or any other Christian denominations),2,University - Bachelors Degree,Close-ended questions (e.g. multiple choice),Definitely yes,,Decoy,25-29,Female,Bachelor's degree,White,Christian
191,Control Condition,Control Condition,Control,No,No,Yes,1,32,30-35,1990,0,Female,5,3,Christian (Catholic protestant or any other Christian denominations),2,University - Bachelors Degree,Open-ended questions (e.g. text entry),Definitely yes,,Control,2.0,Female,Bachelor's degree,White,Christian
192,Decoy Condition,Decoy Condition 2,Decoy; decoy 1st,No,No,Yes,1,24,20-24,1998,0,Female,6,2,No Religion,1,"Graduate or professional degree (MA, MS, MBA, PhD, Law Degree, Medical Degree etc)",Close-ended questions (e.g. multiple choice),Definitely yes,,Decoy,20-24,Female,Graduate or professional degree,Black,No religion
193,Control Condition,Control Condition,Control,No,No,Yes,1,23,20-24,1999,0,Female,6,2,No Religion,1,"Graduate or professional degree (MA, MS, MBA, PhD, Law Degree, Medical Degree etc)",There is no difference between the two options for me,Probably yes,,Control,20-24,Female,Graduate or professional degree,Black,No religion
194,Control Condition,Control Condition,Control,Yes,Yes,Yes,1,24,20-24,1998,0,Female,6,2,No Religion,1,"Graduate or professional degree (MA, MS, MBA, PhD, Law Degree, Medical Degree etc)",Close-ended questions (e.g. multiple choice),Probably yes,,Control,20-24,Female,Graduate or professional degree,Black,No religion
195,Control Condition,Control Condition,Control,Yes,Yes,Yes,1,24,20-24,1998,0,Female,5,2,No Religion,1,"Graduate or professional degree (MA, MS, MBA, PhD, Law Degree, Medical Degree etc)",Close-ended questions (e.g. multiple choice),Probably yes,,Control,20-24,Female,Graduate or professional degree,White,No religion
196,Control Condition,Control Condition,Control,No,No,Yes,1,29,25-29,1993,0,Female,6,4,Buddhist,1,"Graduate or professional degree (MA, MS, MBA, PhD, Law Degree, Medical Degree etc)",Close-ended questions (e.g. multiple choice),Probably yes,,Control,25-29,Female,Graduate or professional degree,Black,Ohter religion
197,Control Condition,Control Condition,Control,No,No,Yes,1,28,25-29,1994,0,Female,6,2,No Religion,2,University - Bachelors Degree,Close-ended questions (e.g. multiple choice),Probably yes,,Control,25-29,Female,Bachelor's degree,Black,No religion
198,Control Condition,Control Condition,Control,No,No,Yes,1,24,20-24,1998,0,Female,6,2,No Religion,2,University - Bachelors Degree,Close-ended questions (e.g. multiple choice),Probably no,,Control,20-24,Female,Bachelor's degree,Black,No religion
199,Control Condition,Control Condition,Control,No,No,Yes,1,25,25-29,1997,0,Female,6,2,No Religion,1,"Graduate or professional degree (MA, MS, MBA, PhD, Law Degree, Medical Degree etc)",,,,Control,25-29,Female,Graduate or professional degree,Black,No religion
200,Control Condition,Control Condition,Control,No,No,Yes,1,24,20-24,1998,0,Female,6,2,No Religion,1,"Graduate or professional degree (MA, MS, MBA, PhD, Law Degree, Medical Degree etc)",Close-ended questions (e.g. multiple choice),Definitely yes,,Control,20-24,Female,Graduate or professional degree,Black,No religion
201,Control Condition,Control Condition,Control,No,No,Yes,1,20,20-24,2002,0,Female,6,2,No Religion,2,University - Bachelors Degree,Close-ended questions (e.g. multiple choice),Probably yes,,Control,20-24,Female,Bachelor's degree,Black,No religion
203,Control Condition,Control Condition,Control,No,No,Yes,1,20,20-24,2002,0,Female,6,2,No Religion,1,"Graduate or professional degree (MA, MS, MBA, PhD, Law Degree, Medical Degree etc)",Close-ended questions (e.g. multiple choice),Probably yes,,Control,20-24,Female,Graduate or professional degree,Black,No religion
204,Control Condition,Control Condition,Control,No,No,Yes,1,35,30-35,1987,0,Female,6,2,No Religion,2,University - Bachelors Degree,Close-ended questions (e.g. multiple choice),Probably yes,,Control,2.0,Female,Bachelor's degree,Black,No religion
202,Control Condition,Control Condition,Control,No,No,Yes,1,23,20-24,1999,0,Female,6,2,No Religion,1,"Graduate or professional degree (MA, MS, MBA, PhD, Law Degree, Medical Degree etc)",Close-ended questions (e.g. multiple choice),Probably yes,,Control,20-24,Female,Graduate or professional degree,Black,No religion
205,Control Condition,Control Condition,Control,No,No,Yes,1,22,20-24,2000,0,Female,6,3,Christian (Catholic protestant or any other Christian denominations),2,University - Bachelors Degree,Close-ended questions (e.g. multiple choice),Definitely yes,,Control,20-24,Female,Bachelor's degree,Black,Christian
206,Control Condition,Control Condition,Control,No,No,Yes,1,21,20-24,2001,1,Male,5,3,Christian (Catholic protestant or any other Christian denominations),2,University - Bachelors Degree,Close-ended questions (e.g. multiple choice),Definitely yes,,Control,20-24,Male,Bachelor's degree,White,Christian
207,Control Condition,Control Condition,Control,No,No,Yes,1,24,20-24,1998,1,Male,5,3,Christian (Catholic protestant or any other Christian denominations),2,University - Bachelors Degree,There is no difference between the two options for me,Definitely yes,,Control,20-24,Male,Bachelor's degree,White,Christian
208,Control Condition,Control Condition,Control,No,No,Yes,1,25,25-29,1997,0,Female,5,5,Jewish,1,"Graduate or professional degree (MA, MS, MBA, PhD, Law Degree, Medical Degree etc)",Open-ended questions (e.g. text entry),Definitely yes,,Control,25-29,Female,Graduate or professional degree,White,Ohter religion
209,Control Condition,Control Condition,Control,No,No,Yes,1,26,25-29,1996,0,Female,1,3,Christian (Catholic protestant or any other Christian denominations),1,"Graduate or professional degree (MA, MS, MBA, PhD, Law Degree, Medical Degree etc)",There is no difference between the two options for me,Definitely yes,,Control,25-29,Female,Graduate or professional degree,Asian,Christian
210,Control Condition,Control Condition,Control,No,No,Yes,1,22,20-24,2000,1,Male,2,3,Christian (Catholic protestant or any other Christian denominations),1,"Graduate or professional degree (MA, MS, MBA, PhD, Law Degree, Medical Degree etc)",Close-ended questions (e.g. multiple choice),Definitely yes,,Control,20-24,Male,Graduate or professional degree,Other,Christian
